Ciutat,Incidència acumulada PCR+,Incidència acumulada PCR+14
Ademuz,42333,5689
Ador,49595,8554
Adsubia,5564,654
Agost,20463,3337
Agres,12056,1241
Agullent,13107,3308
Aielo de Malferit,18681,4518
Aielo de Rugat,6250,625
Aigües,10750,1724
Alaquàs,22809,4638
Albaida,29269,5918
Albal,20263,4494
Albalat de la Ribera,18340,4269
Albalat dels Sorells,19053,5004
Albalat dels Tarongers,13162,2317
Albatera,20883,2934
Alberic,27321,6540
Albocàsser,41075,5867
Alborache,13913,3742
Alboraya,22274,3649
Albuixech,17851,3444
Alcalalí,5069,921
Alcalà de Xivert,24826,4926
Alcocer de Planes,9292,884
Alcoleja,22598,5649
Alcora (l'),26485,4819
Alcoy/Alcoi,26827,4889
Alcublas,10965,2291
Alcudia de Veo,10106,2127
Alcàntera de Xúquer,13049,1640
Alcàsser,22283,4403
Alcúdia (l'),24093,5591
Alcúdia de Crespins (l'),25660,4107
Aldaia,22810,4092
Alfafar,22238,3327
Alfafara,16995,1970
Alfara de la Baronía,15465,1581
Alfara del Patriarca,10207,2468
Alfarp,13430,2800
Alfarrasí,21000,3691
Alfauir,10244,2449
Alfondeguilla,12296,1972
Alfàs del Pi (l'),17847,2375
Algar de Palancia,9572,1018
Algemesí,22880,3580
Algimia de Alfara,12915,1234
Algimia de Almonacid,10687,3435
Alginet,22687,4245
Algorfa,11776,1792
Algueña,13951,3469
Alicante/Alacant,21037,3447
Almazora/Almassora,23457,5227
Almedíjar,5737,1639
Almenara,19408,2873
Almiserà,1509,0
Almoines,18207,4037
Almoradí,22972,4083
Almudaina,1834,0
Almussafes,18944,4588
Almàssera,25598,4584
Alpuente,7401,1417
Alqueria d'Asnar (l'),16835,2028
Alqueria de la Comtessa (l'),20053,3743
Alquerías del Niño Perdido,22670,4816
Altea,19483,3094
Altura,16273,3887
Alzira,19689,3380
Andilla,1948,324
Anna,26156,3747
Antella,11408,2679
Aras de los Olmos,8077,1949
Arañuel,662,0
Ares del Maestrat,2717,0
Argelita,2380,793
Artana,38056,9974
Aspe,21390,4157
Atzeneta d'Albaida,18760,3958
Atzeneta del Maestrat,26226,4984
Ayora,31251,5186
Ayódar,20915,3921
Azuébar,14838,2258
Aín,4065,0
Balones,15625,1562
Banyeres de Mariola,32567,4315
Barracas,20238,1785
Barx,19646,3376
Barxeta,22950,3593
Bejís,6738,808
Bellreguard,43806,7817
Bellús,7357,668
Benafer,3048,0
Benafigos,1449,0
Benaguasil,22272,4548
Benagéber,15555,2777
Benasal,14111,1222
Benasau,7692,3846
Benavites,15673,1097
Beneixama,20887,5976
Beneixida,8771,1435
Benejúzar,20791,3735
Benetússer,25726,5446
Benferri,13944,2544
Beniarbeig,7920,1250
Beniardá,2000,0
Beniarjó,25410,6395
Beniarrés,21292,1910
Beniatjar,21461,10045
Benicarló,24394,4802
Benicasim/Benicàssim,26573,4704
Benicolet,18989,1219
Benicull de Xúquer,11068,1812
Benidoleig,6215,1205
Benidorm,21887,2482
Benifairó de la Valldigna,15789,3080
Benifairó de les Valls,15951,3615
Benifaió,24380,2952
Benifallim,9615,3846
Benifato,6617,735
Beniflá,434,0
Benigembla,9255,1354
Benigánim,36632,4343
Benijófar,14971,2216
Benilloba,29063,4132
Benillup,8000,0
Benimantell,27967,5835
Benimarfull,8080,1010
Benimassot,6796,0
Benimeli,7692,466
Benimodo,9022,1892
Benimuslem,8095,2548
Beniparrell,19702,3970
Benirredrà,36270,5916
Benisanó,17634,2924
Benissa,24973,5625
Benissoda,12731,2777
Benisuera,11891,2162
Benitachell/Poble Nou de Benitatxell (el),6738,1437
Benlloch,18320,2958
Betxí,26130,5019
Biar,31053,4268
Bicorp,17202,2457
Bigastro,21320,3748
Bocairent,19555,2993
Bolbaite,22885,3247
Bolulla,5035,479
Bonrepòs i Mirambell,20251,5243
Borriana/Burriana,24124,5931
Borriol,24921,6410
Bufali,4487,3205
Bugarra,14884,3112
Burjassot,22939,4320
Busot,9300,2178
Buñol,27563,5538
Bèlgida,11782,3240
Bétera,24768,4352
Cabanes,14170,4264
Calles,10140,2253
Callosa d'En Sarrià,23969,4719
Callosa de Segura,22329,4308
Calp,19077,3065
Campello (el),20456,3428
Campo de Mirra/Camp de Mirra (el),479,0
Camporrobles,19532,2003
Canals,25377,5171
Canet d'En Berenguer,13141,1788
Canet lo Roig,13757,3106
Carcaixent,22406,5627
Carlet,24396,4053
Carrícola,11111,3030
Casas Altas,8396,3053
Casas Bajas,11656,4294
Casinos,10215,1798
Castalla,23439,5028
Castell de Cabres,0,0
Castell de Castells,8695,1830
Castell de Guadalest (el),0,0
Castellfort,2793,1117
Castellnovo,10239,2396
Castellonet de la Conquesta,5673,0
Castelló,28083,5656
Castelló de Rugat,35030,7963
Castellón de la Plana/Castelló de la Plana,23090,4875
Castielfabib,5519,0
Castillo de Villamalefa,18811,6930
Catadau,20149,5278
Catarroja,22182,5005
Catral,12879,1955
Catí,11484,1260
Caudete de las Fuentes,25738,2812
Caudiel,7890,1062
Cañada,21937,3228
Cerdà,3927,0
Cervera del Maestre,10592,3590
Chella,30137,3478
Chelva,32070,5486
Chera,20682,3837
Chert/Xert,12645,1744
Cheste,26502,5575
Chilches/Xilxes,12122,2800
Chiva,19391,2750
Chodos/Xodos,943,0
Chulilla,11933,3021
Chóvar,11111,4513
Cinctorres,28250,6500
Cirat,8737,1941
Cocentaina,21059,4704
Cofrentes,22261,3294
Confrides,0,0
Corbera,14022,2461
Cortes de Arenoso,6000,2666
Cortes de Pallás,14007,2334
Costur,6177,2895
Cotes,15015,3003
Coves de Vinromà (les),18438,4318
Cox,15434,1895
Crevillent,17199,2932
Culla,7068,1871
Cullera,19373,3583
Càlig,12901,3467
Càrcer,44116,4926
Daimús,25969,5506
Daya Nueva,19157,1557
Daya Vieja,6566,410
Dolores,30540,5005
Domeño,8766,2526
Dos Aguas,17125,5504
Dénia,21259,3640
Elche/Elx,24175,4223
Elda,25811,4531
Eliana (l'),29087,6709
Emperador,9883,1308
Enguera,23110,2867
Eslida,11034,1103
Espadilla,11594,1449
Estivella,38237,11589
Estubeny,6400,1600
Facheca,6542,1869
Famorca,4444,0
Fanzara,11355,1465
Faura,23276,4728
Favara,17292,2835
Figueroles,7456,2676
Finestrat,12783,2590
Foios,27388,6172
Fondó de les Neus (el)/Hondón de las Nieves,8633,2570
Font d'En Carròs (la),18845,4658
Font de la Figuera (la),26393,6068
Fontanars dels Alforins,23670,2711
Forcall,49122,11622
Formentera del Segura,14667,3045
Fortaleny,13627,2450
Fuente la Reina,5882,0
Fuenterrobles,23487,5043
Fuentes de Ayódar,1123,0
Gaianes,11482,2087
Gaibiel,14917,1657
Gandia,23001,4165
Gata de Gorgos,20038,4260
Gavarda,12188,2207
Geldo,11216,4107
Genovés,24910,4499
Gestalgar,14781,2737
Gilet,11251,1792
Godella,29365,5551
Godelleta,8537,2204
Gorga,15767,2074
Granja de la Costera (la),9491,2033
Granja de Rocamora,16402,2122
Guadasequies,13596,1315
Guadassuar,22009,4642
Guardamar de la Safor,2448,0
Guardamar del Segura,15029,2599
Gátova,11604,3209
Herbés,2272,0
Higueras,4166,0
Higueruelas,10978,4191
Hondón de los Frailes,13687,4106
Ibi,26892,3755
Jacarilla,17167,2452
Jalance,19904,239
Jana (la),11390,1923
Jarafuel,15994,1820
Jijona/Xixona,21282,2224
Jávea/Xàbia,21148,3801
Jérica,14560,2116
Llanera de Ranes,24450,4489
Llaurí,12743,2389
Llocnou d'En Fenollet,20742,3820
Llocnou de la Corona,806,0
Llocnou de Sant Jeroni,13537,3429
Llombai,8669,1168
Llosa (la),15682,1527
Llosa de Ranes (la),25425,4173
Llutxent,34565,5030
Llíber,4337,602
Llíria,19964,3526
Lorcha/Orxa (l'),9965,1718
Loriguilla,14299,3734
Losa del Obispo,10693,1782
Lucena del Cid,21825,4562
Ludiente,5369,1342
Macastre,6923,1692
Manises,22403,2285
Manuel,19088,3201
Marines,11417,3246
Masalavés,11118,3416
Massalfassar,18199,3913
Massamagrell,21635,3972
Massanassa,22950,5244
Mata de Morella (la),37500,9375
Matet,15662,1204
Meliana,23254,5442
Millares,6646,906
Millena,5000,0
Miramar,22532,6070
Mislata,20737,3084
Mogente/Moixent,30717,3807
Moncada,21465,3505
Moncofa,17146,4964
Monforte del Cid,23064,4924
Montanejos,30141,6205
Montaverner,20244,4097
Montesa,27532,3549
Montesinos (Los),6816,671
Montitxelvo/Montichelvo,8717,1025
Montroy,16880,3416
Montserrat,25378,5471
Montán,25815,13315
Monóvar/Monòver,24656,3619
Morella,29801,5463
Murla,6311,788
Muro de Alcoy,24326,4723
Museros,23256,4442
Mutxamel,20471,3470
Navajas,9305,2222
Navarrés,29260,4494
Novelda,23926,4836
Novelé/Novetlè,17036,3617
Nucia (la),20178,3617
Nules,30031,6081
Náquera,11497,3914
Oliva,24480,4404
Olleria (l'),28076,4687
Olocau,7713,2024
Olocau del Rey,30833,1666
Onda,29775,6176
Ondara,25749,5455
Onil,25960,3578
Ontinyent,24294,4172
Orba,39695,7034
Orihuela,18140,3539
Oropesa del Mar/Orpesa,24788,4550
Orxeta,11734,4081
Otos,12085,2132
Paiporta,24183,5600
Palanques,2941,0
Palma de Gandía,11000,1755
Palmera,19351,5992
Palomar (el),11463,2469
Parcent,5997,413
Paterna,20267,4145
Pavías,5882,2941
Pedralba,16986,3873
Pedreguer,20276,3692
Pego,20221,3394
Penàguila,27137,5947
Peníscola/Peñíscola,23571,4047
Petrer,28068,5359
Petrés,14014,2402
Picanya,23780,6238
Picassent,26139,4759
Pilar de la Horadada,15764,2698
Piles,21934,5218
Pina de Montalgrao,18181,4545
Pinet,6369,636
Pinós (el)/Pinoso,24598,2691
Planes,15249,2199
Pobla de Benifassà (la),12562,6030
Pobla de Farnals (la),17101,2952
Pobla de Vallbona (la),21031,4960
Pobla del Duc (la),13996,2266
Pobla Llarga (la),27470,6064
Pobla Tornesa (la),10973,2145
Poblets (els),4458,368
Polinyà de Xúquer,11865,2477
Polop,11887,1461
Portell de Morella,6382,1063
Potríes,22547,3207
Puebla de Arenoso,12500,657
Puebla de San Miguel,0,0
Puig,21897,3039
Puçol,22222,4073
Quart de les Valls,19140,3515
Quart de Poblet,18956,2960
Quartell,27552,3262
Quatretonda,20299,6357
Quatretondeta,7627,847
Quesa,21568,7390
Rafal,18471,2569
Rafelbuñol/Rafelbunyol,20155,3749
Rafelcofer,23468,6420
Rafelguaraf,24713,3566
Real,14771,2401
Real de Gandía,18332,2963
Redován,16729,2397
Relleu,8449,1742
Requena,26415,4807
Riba-roja de Túria,21317,5109
Ribesalbes,15563,2751
Riola,10670,1117
Rocafort,17254,3718
Rojales,13892,2879
Romana (la),13643,2728
Rossell,12390,2741
Rotglà i Corberà,20590,4297
Rugat,6896,2298
Ràfol d'Almúnia (El),6481,617
Ráfol de Salem,8371,678
Rótova,18097,3480
Sacañet,0,0
Sagra,7277,1173
Sagunto/Sagunt,19294,2743
Salem,12679,1674
Salinas,17777,3395
Salzadella (la),13285,3142
San Antonio de Benagéber,12825,3402
San Fulgencio,8214,1102
San Isidro,8844,1093
San Miguel de Salinas,22081,4530
San Rafael del Río,25536,6223
San Vicente del Raspeig/Sant Vicent del Raspeig,22762,4121
Sanet y Negrals,6086,724
Sant Joan d'Alacant,21094,3701
Sant Joan de l'Ènova,8678,986
Sant Joan de Moró,12376,2784
Sant Jordi/San Jorge,13232,2222
Sant Mateu,27202,5020
Santa Magdalena de Pulpis,14986,2254
Santa Pola,21391,4020
Sarratella,1052,0
Sax,26280,3418
Sedaví,26484,5456
Segart,609,0
Segorbe,23095,4309
Sella,12478,346
Sellent,10937,260
Sempere,0,0
Senija,3087,343
Senyera,16666,3703
Serra,9476,2447
Sierra Engarcerán,7489,1720
Siete Aguas,12510,2761
Silla,20117,3789
Simat de la Valldigna,12526,2881
Sinarcas,15113,2533
Sollana,16799,4794
Soneja,19917,3914
Sot de Chera,15469,3314
Sot de Ferrer,13936,1955
Sueca,19244,2575
Sueras/Suera,20992,3244
Sumacàrcer,10027,1093
Tales,16229,2871
Tavernes Blanques,23568,5247
Tavernes de la Valldigna,26637,4480
Teresa,9311,809
Teresa de Cofrentes,11308,1453
Terrateig,1171,390
Teulada,24791,4495
Tibi,11793,1383
Titaguas,44493,5066
Todolella,12765,3546
Toga,14583,3125
Tollos,5714,0
Tormos,4716,628
Toro (El),8713,1659
Torralba del Pinar,0,0
Torre d'En Besora (la),11377,598
Torre d'en Doménec (la),1851,617
Torrebaja,17661,5223
Torreblanca,20326,3211
Torrechiva,7865,1123
Torrella,2068,0
Torremanzanas/Torre de les Maçanes (la),6289,0
Torrent,21970,4281
Torres Torres,11659,1345
Torrevieja,14579,2247
Torás,5603,431
Tous,16783,5283
Traiguera,40307,5779
Turís,28637,6991
Tuéjar,14775,1671
Tàrbena,8988,1123
Tírig,11666,4523
Useras/Useres (les),5318,938
Utiel,30048,4817
Valencia,23366,3964
Vall d'Alba,48424,13340
Vall d'Alcalà (la),6250,625
Vall d'Ebo (la),4587,917
Vall d'Uixó (la),26448,5495
Vall de Almonacid,11026,1901
Vall de Gallinera,4933,1707
Vall de Laguar (la),16686,3264
Vallada,25323,3456
Vallanca,17293,1503
Vallat,1960,0
Vallibona,6060,1515
Vallés,1948,0
Venta del Moro,17863,3088
Verger (el),34487,7390
Vila-real,27471,6433
Vilafamés,9021,2569
Vilamarxant,18764,4044
Vilanova d'Alcolea,10017,1581
Vilar de Canes,5917,591
Vilavella (la),19744,5056
Villafranca del Cid/Vilafranca,22303,4142
Villahermosa del Río,20454,1239
Villajoyosa/Vila Joiosa (la),21279,2792
Villalonga,21098,4462
Villamalur,1960,0
Villanueva de Viver,10000,0
Villar del Arzobispo,23585,5203
Villargordo del Cabriel,29725,7044
Villena,25679,4769
Villores,2380,0
Vinalesa,20574,6418
Vinaròs,24596,5573
Vistabella del Maestrazgo,19219,2102
Viver,33524,4643
Xaló,6799,871
Xeraco,18234,4370
Xeresa,17888,5826
Xirivella,25426,4828
Xàtiva,22475,3811
Yesa (La),4524,0
Yátova,9090,1972
Zarra,11849,2890
Zorita del Maestrazgo,8108,1801
Zucaina,14197,3086
Ènova (l'),17627,3436
