<?xml version="1.0" encoding="UTF-8"?>
<project-private xmlns="http://www.netbeans.org/ns/project-private/1">
    <editor-bookmarks xmlns="http://www.netbeans.org/ns/editor-bookmarks/2" lastBookmarkId="0"/>
    <open-files xmlns="http://www.netbeans.org/ns/projectui-open-files/2">
        <group>
            <file>file:/home/alumne/Escriptori/1%20DAM/PRG/Joc/JocRol_V1/src/inici/JocRol.java</file>
            <file>file:/home/alumne/Escriptori/1%20DAM/PRG/Joc/JocRol_V1/src/joc/Warrior.java</file>
            <file>file:/home/alumne/Escriptori/1%20DAM/PRG/Joc/JocRol_V1/src/joc/Human.java</file>
            <file>file:/home/alumne/Escriptori/1%20DAM/PRG/Joc/JocRol_V1/src/joc/Alien.java</file>
            <file>file:/home/alumne/Escriptori/1%20DAM/PRG/Joc/JocRol_V1/src/joc/Player.java</file>
        </group>
    </open-files>
</project-private>
